label,path
scissors,drive/My Drive/rock_paper_scissors/data/scissors/opencv_frame_488.png
paper,drive/My Drive/rock_paper_scissors/data/paper/opencv_frame_280.png
scissors,drive/My Drive/rock_paper_scissors/data/scissors/opencv_frame_384.png
scissors,drive/My Drive/rock_paper_scissors/data/scissors/opencv_frame_328.png
rock,drive/My Drive/rock_paper_scissors/data/rock/opencv_frame_715.png
paper,drive/My Drive/rock_paper_scissors/data/paper/opencv_frame_223.png
scissors,drive/My Drive/rock_paper_scissors/data/scissors/opencv_frame_444.png
rock,drive/My Drive/rock_paper_scissors/data/rock/opencv_frame_612.png
scissors,drive/My Drive/rock_paper_scissors/data/scissors/opencv_frame_583.png
scissors,drive/My Drive/rock_paper_scissors/data/scissors/opencv_frame_597.png
paper,drive/My Drive/rock_paper_scissors/data/paper/opencv_frame_230.png
scissors,drive/My Drive/rock_paper_scissors/data/scissors/opencv_frame_503.png
rock,drive/My Drive/rock_paper_scissors/data/rock/opencv_frame_638.png
rock,drive/My Drive/rock_paper_scissors/data/rock/opencv_frame_701.png
scissors,drive/My Drive/rock_paper_scissors/data/scissors/opencv_frame_349.png
paper,drive/My Drive/rock_paper_scissors/data/paper/opencv_frame_187.png
rock,drive/My Drive/rock_paper_scissors/data/rock/opencv_frame_844.png
rock,drive/My Drive/rock_paper_scissors/data/rock/opencv_frame_626.png
paper,drive/My Drive/rock_paper_scissors/data/paper/opencv_frame_300.png
rock,drive/My Drive/rock_paper_scissors/data/rock/opencv_frame_640.png
rock,drive/My Drive/rock_paper_scissors/data/rock/opencv_frame_829.png
scissors,drive/My Drive/rock_paper_scissors/data/scissors/opencv_frame_405.png
rock,drive/My Drive/rock_paper_scissors/data/rock/opencv_frame_720.png
rock,drive/My Drive/rock_paper_scissors/data/rock/opencv_frame_684.png
rock,drive/My Drive/rock_paper_scissors/data/rock/opencv_frame_845.png
paper,drive/My Drive/rock_paper_scissors/data/paper/opencv_frame_111.png
scissors,drive/My Drive/rock_paper_scissors/data/scissors/opencv_frame_527.png
paper,drive/My Drive/rock_paper_scissors/data/paper/opencv_frame_183.png
scissors,drive/My Drive/rock_paper_scissors/data/scissors/scissors_3.png
scissors,drive/My Drive/rock_paper_scissors/data/scissors/opencv_frame_396.png
paper,drive/My Drive/rock_paper_scissors/data/paper/opencv_frame_123.png
rock,drive/My Drive/rock_paper_scissors/data/rock/opencv_frame_774.png
rock,drive/My Drive/rock_paper_scissors/data/rock/opencv_frame_759.png
rock,drive/My Drive/rock_paper_scissors/data/rock/opencv_frame_898.png
scissors,drive/My Drive/rock_paper_scissors/data/scissors/opencv_frame_432.png
scissors,drive/My Drive/rock_paper_scissors/data/scissors/opencv_frame_599.png
paper,drive/My Drive/rock_paper_scissors/data/paper/opencv_frame_133.png
scissors,drive/My Drive/rock_paper_scissors/data/scissors/opencv_frame_530.png
scissors,drive/My Drive/rock_paper_scissors/data/scissors/opencv_frame_500.png
scissors,drive/My Drive/rock_paper_scissors/data/scissors/opencv_frame_357.png
rock,drive/My Drive/rock_paper_scissors/data/rock/opencv_frame_827.png
paper,drive/My Drive/rock_paper_scissors/data/paper/opencv_frame_29.png
rock,drive/My Drive/rock_paper_scissors/data/rock/opencv_frame_758.png
rock,drive/My Drive/rock_paper_scissors/data/rock/opencv_frame_679.png
rock,drive/My Drive/rock_paper_scissors/data/rock/opencv_frame_744.png
rock,drive/My Drive/rock_paper_scissors/data/rock/opencv_frame_803.png
rock,drive/My Drive/rock_paper_scissors/data/rock/opencv_frame_681.png
rock,drive/My Drive/rock_paper_scissors/data/rock/opencv_frame_809.png
scissors,drive/My Drive/rock_paper_scissors/data/scissors/opencv_frame_374.png
scissors,drive/My Drive/rock_paper_scissors/data/scissors/opencv_frame_366.png
paper,drive/My Drive/rock_paper_scissors/data/paper/opencv_frame_172.png
paper,drive/My Drive/rock_paper_scissors/data/paper/opencv_frame_79.png
paper,drive/My Drive/rock_paper_scissors/data/paper/opencv_frame_234.png
scissors,drive/My Drive/rock_paper_scissors/data/scissors/opencv_frame_517.png
rock,drive/My Drive/rock_paper_scissors/data/rock/opencv_frame_609.png
scissors,drive/My Drive/rock_paper_scissors/data/scissors/opencv_frame_594.png
scissors,drive/My Drive/rock_paper_scissors/data/scissors/opencv_frame_502.png
paper,drive/My Drive/rock_paper_scissors/data/paper/paper_2.png
rock,drive/My Drive/rock_paper_scissors/data/rock/opencv_frame_781.png
paper,drive/My Drive/rock_paper_scissors/data/paper/opencv_frame_110.png
rock,drive/My Drive/rock_paper_scissors/data/rock/opencv_frame_882.png
rock,drive/My Drive/rock_paper_scissors/data/rock/opencv_frame_661.png
paper,drive/My Drive/rock_paper_scissors/data/paper/opencv_frame_121.png
paper,drive/My Drive/rock_paper_scissors/data/paper/opencv_frame_143.png
scissors,drive/My Drive/rock_paper_scissors/data/scissors/opencv_frame_584.png
scissors,drive/My Drive/rock_paper_scissors/data/scissors/opencv_frame_401.png
rock,drive/My Drive/rock_paper_scissors/data/rock/opencv_frame_850.png
rock,drive/My Drive/rock_paper_scissors/data/rock/opencv_frame_891.png
scissors,drive/My Drive/rock_paper_scissors/data/scissors/opencv_frame_582.png
rock,drive/My Drive/rock_paper_scissors/data/rock/opencv_frame_753.png
scissors,drive/My Drive/rock_paper_scissors/data/scissors/opencv_frame_498.png
rock,drive/My Drive/rock_paper_scissors/data/rock/opencv_frame_629.png
scissors,drive/My Drive/rock_paper_scissors/data/scissors/opencv_frame_409.png
rock,drive/My Drive/rock_paper_scissors/data/rock/opencv_frame_761.png
scissors,drive/My Drive/rock_paper_scissors/data/scissors/opencv_frame_468.png
rock,drive/My Drive/rock_paper_scissors/data/rock/opencv_frame_671.png
rock,drive/My Drive/rock_paper_scissors/data/rock/opencv_frame_738.png
paper,drive/My Drive/rock_paper_scissors/data/paper/opencv_frame_260.png
scissors,drive/My Drive/rock_paper_scissors/data/scissors/opencv_frame_600.png
rock,drive/My Drive/rock_paper_scissors/data/rock/opencv_frame_607.png
scissors,drive/My Drive/rock_paper_scissors/data/scissors/opencv_frame_389.png
paper,drive/My Drive/rock_paper_scissors/data/paper/opencv_frame_235.png
rock,drive/My Drive/rock_paper_scissors/data/rock/opencv_frame_727.png
scissors,drive/My Drive/rock_paper_scissors/data/scissors/opencv_frame_548.png
scissors,drive/My Drive/rock_paper_scissors/data/scissors/opencv_frame_352.png
rock,drive/My Drive/rock_paper_scissors/data/rock/opencv_frame_705.png
scissors,drive/My Drive/rock_paper_scissors/data/scissors/opencv_frame_481.png
scissors,drive/My Drive/rock_paper_scissors/data/scissors/opencv_frame_592.png
rock,drive/My Drive/rock_paper_scissors/data/rock/opencv_frame_877.png
paper,drive/My Drive/rock_paper_scissors/data/paper/opencv_frame_47.png
scissors,drive/My Drive/rock_paper_scissors/data/scissors/opencv_frame_453.png
rock,drive/My Drive/rock_paper_scissors/data/rock/opencv_frame_826.png
paper,drive/My Drive/rock_paper_scissors/data/paper/opencv_frame_42.png
rock,drive/My Drive/rock_paper_scissors/data/rock/opencv_frame_864.png
paper,drive/My Drive/rock_paper_scissors/data/paper/opencv_frame_24.png
paper,drive/My Drive/rock_paper_scissors/data/paper/opencv_frame_255.png
paper,drive/My Drive/rock_paper_scissors/data/paper/opencv_frame_108.png
scissors,drive/My Drive/rock_paper_scissors/data/scissors/opencv_frame_417.png
paper,drive/My Drive/rock_paper_scissors/data/paper/opencv_frame_250.png
rock,drive/My Drive/rock_paper_scissors/data/rock/opencv_frame_885.png
scissors,drive/My Drive/rock_paper_scissors/data/scissors/opencv_frame_478.png
rock,drive/My Drive/rock_paper_scissors/data/rock/opencv_frame_816.png
rock,drive/My Drive/rock_paper_scissors/data/rock/opencv_frame_643.png
scissors,drive/My Drive/rock_paper_scissors/data/scissors/opencv_frame_521.png
paper,drive/My Drive/rock_paper_scissors/data/paper/opencv_frame_241.png
scissors,drive/My Drive/rock_paper_scissors/data/scissors/opencv_frame_364.png
rock,drive/My Drive/rock_paper_scissors/data/rock/opencv_frame_802.png
rock,drive/My Drive/rock_paper_scissors/data/rock/opencv_frame_685.png
rock,drive/My Drive/rock_paper_scissors/data/rock/opencv_frame_890.png
paper,drive/My Drive/rock_paper_scissors/data/paper/opencv_frame_50.png
scissors,drive/My Drive/rock_paper_scissors/data/scissors/opencv_frame_514.png
rock,drive/My Drive/rock_paper_scissors/data/rock/opencv_frame_859.png
rock,drive/My Drive/rock_paper_scissors/data/rock/opencv_frame_729.png
rock,drive/My Drive/rock_paper_scissors/data/rock/opencv_frame_792.png
paper,drive/My Drive/rock_paper_scissors/data/paper/opencv_frame_43.png
scissors,drive/My Drive/rock_paper_scissors/data/scissors/opencv_frame_467.png
rock,drive/My Drive/rock_paper_scissors/data/rock/opencv_frame_656.png
rock,drive/My Drive/rock_paper_scissors/data/rock/opencv_frame_675.png
scissors,drive/My Drive/rock_paper_scissors/data/scissors/opencv_frame_423.png
paper,drive/My Drive/rock_paper_scissors/data/paper/opencv_frame_278.png
rock,drive/My Drive/rock_paper_scissors/data/rock/opencv_frame_755.png
rock,drive/My Drive/rock_paper_scissors/data/rock/opencv_frame_618.png
paper,drive/My Drive/rock_paper_scissors/data/paper/opencv_frame_239.png
scissors,drive/My Drive/rock_paper_scissors/data/scissors/opencv_frame_312.png
paper,drive/My Drive/rock_paper_scissors/data/paper/opencv_frame_117.png
paper,drive/My Drive/rock_paper_scissors/data/paper/opencv_frame_247.png
rock,drive/My Drive/rock_paper_scissors/data/rock/opencv_frame_785.png
paper,drive/My Drive/rock_paper_scissors/data/paper/opencv_frame_268.png
rock,drive/My Drive/rock_paper_scissors/data/rock/opencv_frame_633.png
rock,drive/My Drive/rock_paper_scissors/data/rock/opencv_frame_776.png
rock,drive/My Drive/rock_paper_scissors/data/rock/opencv_frame_630.png
scissors,drive/My Drive/rock_paper_scissors/data/scissors/opencv_frame_516.png
paper,drive/My Drive/rock_paper_scissors/data/paper/opencv_frame_207.png
paper,drive/My Drive/rock_paper_scissors/data/paper/opencv_frame_188.png
paper,drive/My Drive/rock_paper_scissors/data/paper/opencv_frame_236.png
rock,drive/My Drive/rock_paper_scissors/data/rock/opencv_frame_814.png
rock,drive/My Drive/rock_paper_scissors/data/rock/opencv_frame_777.png
scissors,drive/My Drive/rock_paper_scissors/data/scissors/opencv_frame_537.png
paper,drive/My Drive/rock_paper_scissors/data/paper/opencv_frame_191.png
scissors,drive/My Drive/rock_paper_scissors/data/scissors/opencv_frame_402.png
rock,drive/My Drive/rock_paper_scissors/data/rock/opencv_frame_804.png
scissors,drive/My Drive/rock_paper_scissors/data/scissors/opencv_frame_457.png
paper,drive/My Drive/rock_paper_scissors/data/paper/opencv_frame_274.png
rock,drive/My Drive/rock_paper_scissors/data/rock/opencv_frame_667.png
rock,drive/My Drive/rock_paper_scissors/data/rock/opencv_frame_834.png
scissors,drive/My Drive/rock_paper_scissors/data/scissors/opencv_frame_545.png
paper,drive/My Drive/rock_paper_scissors/data/paper/opencv_frame_166.png
paper,drive/My Drive/rock_paper_scissors/data/paper/opencv_frame_295.png
scissors,drive/My Drive/rock_paper_scissors/data/scissors/opencv_frame_494.png
paper,drive/My Drive/rock_paper_scissors/data/paper/opencv_frame_115.png
scissors,drive/My Drive/rock_paper_scissors/data/scissors/opencv_frame_552.png
paper,drive/My Drive/rock_paper_scissors/data/paper/opencv_frame_39.png
paper,drive/My Drive/rock_paper_scissors/data/paper/opencv_frame_57.png
paper,drive/My Drive/rock_paper_scissors/data/paper/opencv_frame_95.png
scissors,drive/My Drive/rock_paper_scissors/data/scissors/opencv_frame_490.png
paper,drive/My Drive/rock_paper_scissors/data/paper/opencv_frame_253.png
paper,drive/My Drive/rock_paper_scissors/data/paper/opencv_frame_51.png
rock,drive/My Drive/rock_paper_scissors/data/rock/opencv_frame_621.png
paper,drive/My Drive/rock_paper_scissors/data/paper/opencv_frame_6.png
paper,drive/My Drive/rock_paper_scissors/data/paper/opencv_frame_80.png
rock,drive/My Drive/rock_paper_scissors/data/rock/opencv_frame_707.png
rock,drive/My Drive/rock_paper_scissors/data/rock/opencv_frame_784.png
paper,drive/My Drive/rock_paper_scissors/data/paper/opencv_frame_147.png
scissors,drive/My Drive/rock_paper_scissors/data/scissors/opencv_frame_325.png
paper,drive/My Drive/rock_paper_scissors/data/paper/opencv_frame_85.png
paper,drive/My Drive/rock_paper_scissors/data/paper/opencv_frame_65.png
paper,drive/My Drive/rock_paper_scissors/data/paper/opencv_frame_9.png
paper,drive/My Drive/rock_paper_scissors/data/paper/paper_1.png
scissors,drive/My Drive/rock_paper_scissors/data/scissors/opencv_frame_450.png
scissors,drive/My Drive/rock_paper_scissors/data/scissors/opencv_frame_465.png
scissors,drive/My Drive/rock_paper_scissors/data/scissors/opencv_frame_397.png
rock,drive/My Drive/rock_paper_scissors/data/rock/opencv_frame_712.png
scissors,drive/My Drive/rock_paper_scissors/data/scissors/opencv_frame_322.png
paper,drive/My Drive/rock_paper_scissors/data/paper/opencv_frame_26.png
paper,drive/My Drive/rock_paper_scissors/data/paper/opencv_frame_44.png
rock,drive/My Drive/rock_paper_scissors/data/rock/opencv_frame_856.png
rock,drive/My Drive/rock_paper_scissors/data/rock/opencv_frame_746.png
paper,drive/My Drive/rock_paper_scissors/data/paper/opencv_frame_118.png
rock,drive/My Drive/rock_paper_scissors/data/rock/opencv_frame_884.png
paper,drive/My Drive/rock_paper_scissors/data/paper/opencv_frame_275.png
scissors,drive/My Drive/rock_paper_scissors/data/scissors/opencv_frame_406.png
scissors,drive/My Drive/rock_paper_scissors/data/scissors/opencv_frame_595.png
scissors,drive/My Drive/rock_paper_scissors/data/scissors/opencv_frame_464.png
rock,drive/My Drive/rock_paper_scissors/data/rock/opencv_frame_836.png
scissors,drive/My Drive/rock_paper_scissors/data/scissors/opencv_frame_337.png
scissors,drive/My Drive/rock_paper_scissors/data/scissors/opencv_frame_381.png
paper,drive/My Drive/rock_paper_scissors/data/paper/opencv_frame_167.png
paper,drive/My Drive/rock_paper_scissors/data/paper/opencv_frame_194.png
scissors,drive/My Drive/rock_paper_scissors/data/scissors/opencv_frame_382.png
rock,drive/My Drive/rock_paper_scissors/data/rock/opencv_frame_736.png
paper,drive/My Drive/rock_paper_scissors/data/paper/opencv_frame_214.png
rock,drive/My Drive/rock_paper_scissors/data/rock/opencv_frame_706.png
paper,drive/My Drive/rock_paper_scissors/data/paper/opencv_frame_161.png
scissors,drive/My Drive/rock_paper_scissors/data/scissors/opencv_frame_585.png
paper,drive/My Drive/rock_paper_scissors/data/paper/opencv_frame_198.png
paper,drive/My Drive/rock_paper_scissors/data/paper/opencv_frame_135.png
rock,drive/My Drive/rock_paper_scissors/data/rock/opencv_frame_818.png
rock,drive/My Drive/rock_paper_scissors/data/rock/opencv_frame_773.png
scissors,drive/My Drive/rock_paper_scissors/data/scissors/opencv_frame_470.png
rock,drive/My Drive/rock_paper_scissors/data/rock/opencv_frame_899.png
rock,drive/My Drive/rock_paper_scissors/data/rock/opencv_frame_800.png
scissors,drive/My Drive/rock_paper_scissors/data/scissors/opencv_frame_507.png
paper,drive/My Drive/rock_paper_scissors/data/paper/opencv_frame_141.png
paper,drive/My Drive/rock_paper_scissors/data/paper/opencv_frame_175.png
rock,drive/My Drive/rock_paper_scissors/data/rock/opencv_frame_793.png
rock,drive/My Drive/rock_paper_scissors/data/rock/opencv_frame_692.png
paper,drive/My Drive/rock_paper_scissors/data/paper/opencv_frame_32.png
paper,drive/My Drive/rock_paper_scissors/data/paper/opencv_frame_228.png
paper,drive/My Drive/rock_paper_scissors/data/paper/opencv_frame_11.png
rock,drive/My Drive/rock_paper_scissors/data/rock/opencv_frame_639.png
rock,drive/My Drive/rock_paper_scissors/data/rock/opencv_frame_787.png
scissors,drive/My Drive/rock_paper_scissors/data/scissors/opencv_frame_334.png
paper,drive/My Drive/rock_paper_scissors/data/paper/opencv_frame_106.png
rock,drive/My Drive/rock_paper_scissors/data/rock/opencv_frame_733.png
paper,drive/My Drive/rock_paper_scissors/data/paper/opencv_frame_208.png
scissors,drive/My Drive/rock_paper_scissors/data/scissors/opencv_frame_339.png
rock,drive/My Drive/rock_paper_scissors/data/rock/opencv_frame_887.png
scissors,drive/My Drive/rock_paper_scissors/data/scissors/opencv_frame_407.png
rock,drive/My Drive/rock_paper_scissors/data/rock/opencv_frame_624.png
paper,drive/My Drive/rock_paper_scissors/data/paper/opencv_frame_13.png
scissors,drive/My Drive/rock_paper_scissors/data/scissors/opencv_frame_557.png
scissors,drive/My Drive/rock_paper_scissors/data/scissors/opencv_frame_567.png
rock,drive/My Drive/rock_paper_scissors/data/rock/opencv_frame_714.png
rock,drive/My Drive/rock_paper_scissors/data/rock/opencv_frame_694.png
scissors,drive/My Drive/rock_paper_scissors/data/scissors/opencv_frame_326.png
paper,drive/My Drive/rock_paper_scissors/data/paper/opencv_frame_83.png
rock,drive/My Drive/rock_paper_scissors/data/rock/opencv_frame_719.png
paper,drive/My Drive/rock_paper_scissors/data/paper/opencv_frame_88.png
scissors,drive/My Drive/rock_paper_scissors/data/scissors/opencv_frame_455.png
rock,drive/My Drive/rock_paper_scissors/data/rock/opencv_frame_702.png
paper,drive/My Drive/rock_paper_scissors/data/paper/opencv_frame_233.png
paper,drive/My Drive/rock_paper_scissors/data/paper/opencv_frame_163.png
rock,drive/My Drive/rock_paper_scissors/data/rock/opencv_frame_608.png
paper,drive/My Drive/rock_paper_scissors/data/paper/opencv_frame_192.png
rock,drive/My Drive/rock_paper_scissors/data/rock/opencv_frame_699.png
rock,drive/My Drive/rock_paper_scissors/data/rock/opencv_frame_602.png
paper,drive/My Drive/rock_paper_scissors/data/paper/opencv_frame_299.png
paper,drive/My Drive/rock_paper_scissors/data/paper/opencv_frame_281.png
scissors,drive/My Drive/rock_paper_scissors/data/scissors/opencv_frame_336.png
scissors,drive/My Drive/rock_paper_scissors/data/scissors/opencv_frame_463.png
rock,drive/My Drive/rock_paper_scissors/data/rock/opencv_frame_651.png
scissors,drive/My Drive/rock_paper_scissors/data/scissors/opencv_frame_308.png
scissors,drive/My Drive/rock_paper_scissors/data/scissors/opencv_frame_427.png
rock,drive/My Drive/rock_paper_scissors/data/rock/opencv_frame_642.png
rock,drive/My Drive/rock_paper_scissors/data/rock/opencv_frame_691.png
paper,drive/My Drive/rock_paper_scissors/data/paper/opencv_frame_290.png
paper,drive/My Drive/rock_paper_scissors/data/paper/opencv_frame_273.png
scissors,drive/My Drive/rock_paper_scissors/data/scissors/opencv_frame_556.png
paper,drive/My Drive/rock_paper_scissors/data/paper/opencv_frame_138.png
paper,drive/My Drive/rock_paper_scissors/data/paper/opencv_frame_33.png
scissors,drive/My Drive/rock_paper_scissors/data/scissors/opencv_frame_353.png
paper,drive/My Drive/rock_paper_scissors/data/paper/opencv_frame_71.png
paper,drive/My Drive/rock_paper_scissors/data/paper/opencv_frame_283.png
rock,drive/My Drive/rock_paper_scissors/data/rock/opencv_frame_668.png
scissors,drive/My Drive/rock_paper_scissors/data/scissors/opencv_frame_306.png
rock,drive/My Drive/rock_paper_scissors/data/rock/opencv_frame_658.png
rock,drive/My Drive/rock_paper_scissors/data/rock/opencv_frame_779.png
scissors,drive/My Drive/rock_paper_scissors/data/scissors/opencv_frame_546.png
scissors,drive/My Drive/rock_paper_scissors/data/scissors/opencv_frame_553.png
scissors,drive/My Drive/rock_paper_scissors/data/scissors/opencv_frame_314.png
scissors,drive/My Drive/rock_paper_scissors/data/scissors/opencv_frame_515.png
paper,drive/My Drive/rock_paper_scissors/data/paper/opencv_frame_174.png
rock,drive/My Drive/rock_paper_scissors/data/rock/opencv_frame_847.png
paper,drive/My Drive/rock_paper_scissors/data/paper/opencv_frame_19.png
scissors,drive/My Drive/rock_paper_scissors/data/scissors/opencv_frame_434.png
rock,drive/My Drive/rock_paper_scissors/data/rock/opencv_frame_813.png
rock,drive/My Drive/rock_paper_scissors/data/rock/opencv_frame_622.png
paper,drive/My Drive/rock_paper_scissors/data/paper/opencv_frame_193.png
scissors,drive/My Drive/rock_paper_scissors/data/scissors/opencv_frame_383.png
scissors,drive/My Drive/rock_paper_scissors/data/scissors/opencv_frame_477.png
scissors,drive/My Drive/rock_paper_scissors/data/scissors/opencv_frame_456.png
scissors,drive/My Drive/rock_paper_scissors/data/scissors/opencv_frame_394.png
paper,drive/My Drive/rock_paper_scissors/data/paper/opencv_frame_12.png
rock,drive/My Drive/rock_paper_scissors/data/rock/opencv_frame_617.png
paper,drive/My Drive/rock_paper_scissors/data/paper/opencv_frame_177.png
scissors,drive/My Drive/rock_paper_scissors/data/scissors/opencv_frame_340.png
paper,drive/My Drive/rock_paper_scissors/data/paper/opencv_frame_127.png
rock,drive/My Drive/rock_paper_scissors/data/rock/opencv_frame_682.png
rock,drive/My Drive/rock_paper_scissors/data/rock/opencv_frame_732.png
scissors,drive/My Drive/rock_paper_scissors/data/scissors/opencv_frame_355.png
rock,drive/My Drive/rock_paper_scissors/data/rock/opencv_frame_769.png
scissors,drive/My Drive/rock_paper_scissors/data/scissors/opencv_frame_596.png
rock,drive/My Drive/rock_paper_scissors/data/rock/opencv_frame_625.png
paper,drive/My Drive/rock_paper_scissors/data/paper/opencv_frame_132.png
scissors,drive/My Drive/rock_paper_scissors/data/scissors/opencv_frame_439.png
scissors,drive/My Drive/rock_paper_scissors/data/scissors/opencv_frame_591.png
scissors,drive/My Drive/rock_paper_scissors/data/scissors/opencv_frame_323.png
scissors,drive/My Drive/rock_paper_scissors/data/scissors/opencv_frame_380.png
rock,drive/My Drive/rock_paper_scissors/data/rock/opencv_frame_897.png
rock,drive/My Drive/rock_paper_scissors/data/rock/opencv_frame_686.png
paper,drive/My Drive/rock_paper_scissors/data/paper/opencv_frame_100.png
scissors,drive/My Drive/rock_paper_scissors/data/scissors/opencv_frame_420.png
scissors,drive/My Drive/rock_paper_scissors/data/scissors/opencv_frame_461.png
scissors,drive/My Drive/rock_paper_scissors/data/scissors/opencv_frame_511.png
rock,drive/My Drive/rock_paper_scissors/data/rock/opencv_frame_848.png
rock,drive/My Drive/rock_paper_scissors/data/rock/opencv_frame_846.png
rock,drive/My Drive/rock_paper_scissors/data/rock/opencv_frame_852.png
rock,drive/My Drive/rock_paper_scissors/data/rock/opencv_frame_807.png
scissors,drive/My Drive/rock_paper_scissors/data/scissors/opencv_frame_523.png
paper,drive/My Drive/rock_paper_scissors/data/paper/opencv_frame_157.png
paper,drive/My Drive/rock_paper_scissors/data/paper/opencv_frame_200.png
scissors,drive/My Drive/rock_paper_scissors/data/scissors/opencv_frame_369.png
rock,drive/My Drive/rock_paper_scissors/data/rock/opencv_frame_866.png
paper,drive/My Drive/rock_paper_scissors/data/paper/opencv_frame_40.png
paper,drive/My Drive/rock_paper_scissors/data/paper/opencv_frame_180.png
rock,drive/My Drive/rock_paper_scissors/data/rock/opencv_frame_880.png
paper,drive/My Drive/rock_paper_scissors/data/paper/opencv_frame_146.png
scissors,drive/My Drive/rock_paper_scissors/data/scissors/opencv_frame_391.png
rock,drive/My Drive/rock_paper_scissors/data/rock/opencv_frame_771.png
rock,drive/My Drive/rock_paper_scissors/data/rock/opencv_frame_831.png
scissors,drive/My Drive/rock_paper_scissors/data/scissors/opencv_frame_305.png
paper,drive/My Drive/rock_paper_scissors/data/paper/opencv_frame_0.png
paper,drive/My Drive/rock_paper_scissors/data/paper/opencv_frame_136.png
rock,drive/My Drive/rock_paper_scissors/data/rock/opencv_frame_806.png
scissors,drive/My Drive/rock_paper_scissors/data/scissors/opencv_frame_412.png
rock,drive/My Drive/rock_paper_scissors/data/rock/opencv_frame_879.png
rock,drive/My Drive/rock_paper_scissors/data/rock/opencv_frame_782.png
scissors,drive/My Drive/rock_paper_scissors/data/scissors/opencv_frame_385.png
rock,drive/My Drive/rock_paper_scissors/data/rock/opencv_frame_700.png
scissors,drive/My Drive/rock_paper_scissors/data/scissors/opencv_frame_589.png
rock,drive/My Drive/rock_paper_scissors/data/rock/opencv_frame_857.png
scissors,drive/My Drive/rock_paper_scissors/data/scissors/opencv_frame_324.png
scissors,drive/My Drive/rock_paper_scissors/data/scissors/opencv_frame_416.png
scissors,drive/My Drive/rock_paper_scissors/data/scissors/opencv_frame_347.png
rock,drive/My Drive/rock_paper_scissors/data/rock/opencv_frame_695.png
rock,drive/My Drive/rock_paper_scissors/data/rock/opencv_frame_876.png
rock,drive/My Drive/rock_paper_scissors/data/rock/opencv_frame_894.png
rock,drive/My Drive/rock_paper_scissors/data/rock/opencv_frame_849.png
paper,drive/My Drive/rock_paper_scissors/data/paper/opencv_frame_18.png
paper,drive/My Drive/rock_paper_scissors/data/paper/opencv_frame_55.png
scissors,drive/My Drive/rock_paper_scissors/data/scissors/opencv_frame_411.png
scissors,drive/My Drive/rock_paper_scissors/data/scissors/opencv_frame_549.png
rock,drive/My Drive/rock_paper_scissors/data/rock/opencv_frame_833.png
scissors,drive/My Drive/rock_paper_scissors/data/scissors/opencv_frame_410.png
paper,drive/My Drive/rock_paper_scissors/data/paper/opencv_frame_64.png
rock,drive/My Drive/rock_paper_scissors/data/rock/opencv_frame_708.png
paper,drive/My Drive/rock_paper_scissors/data/paper/opencv_frame_227.png
paper,drive/My Drive/rock_paper_scissors/data/paper/opencv_frame_276.png
scissors,drive/My Drive/rock_paper_scissors/data/scissors/opencv_frame_474.png
paper,drive/My Drive/rock_paper_scissors/data/paper/opencv_frame_179.png
scissors,drive/My Drive/rock_paper_scissors/data/scissors/opencv_frame_484.png
scissors,drive/My Drive/rock_paper_scissors/data/scissors/opencv_frame_344.png
scissors,drive/My Drive/rock_paper_scissors/data/scissors/opencv_frame_408.png
paper,drive/My Drive/rock_paper_scissors/data/paper/paper_0.png
rock,drive/My Drive/rock_paper_scissors/data/rock/opencv_frame_673.png
rock,drive/My Drive/rock_paper_scissors/data/rock/opencv_frame_741.png
rock,drive/My Drive/rock_paper_scissors/data/rock/opencv_frame_770.png
rock,drive/My Drive/rock_paper_scissors/data/rock/opencv_frame_808.png
scissors,drive/My Drive/rock_paper_scissors/data/scissors/opencv_frame_569.png
paper,drive/My Drive/rock_paper_scissors/data/paper/opencv_frame_34.png
scissors,drive/My Drive/rock_paper_scissors/data/scissors/opencv_frame_570.png
scissors,drive/My Drive/rock_paper_scissors/data/scissors/opencv_frame_496.png
paper,drive/My Drive/rock_paper_scissors/data/paper/opencv_frame_130.png
rock,drive/My Drive/rock_paper_scissors/data/rock/opencv_frame_778.png
scissors,drive/My Drive/rock_paper_scissors/data/scissors/opencv_frame_442.png
paper,drive/My Drive/rock_paper_scissors/data/paper/opencv_frame_270.png
rock,drive/My Drive/rock_paper_scissors/data/rock/opencv_frame_734.png
scissors,drive/My Drive/rock_paper_scissors/data/scissors/opencv_frame_332.png
scissors,drive/My Drive/rock_paper_scissors/data/scissors/opencv_frame_551.png
rock,drive/My Drive/rock_paper_scissors/data/rock/opencv_frame_858.png
rock,drive/My Drive/rock_paper_scissors/data/rock/opencv_frame_888.png
rock,drive/My Drive/rock_paper_scissors/data/rock/opencv_frame_647.png
rock,drive/My Drive/rock_paper_scissors/data/rock/opencv_frame_722.png
scissors,drive/My Drive/rock_paper_scissors/data/scissors/opencv_frame_360.png
paper,drive/My Drive/rock_paper_scissors/data/paper/opencv_frame_81.png
rock,drive/My Drive/rock_paper_scissors/data/rock/opencv_frame_678.png
rock,drive/My Drive/rock_paper_scissors/data/rock/opencv_frame_724.png
paper,drive/My Drive/rock_paper_scissors/data/paper/opencv_frame_257.png
paper,drive/My Drive/rock_paper_scissors/data/paper/opencv_frame_259.png
scissors,drive/My Drive/rock_paper_scissors/data/scissors/opencv_frame_462.png
rock,drive/My Drive/rock_paper_scissors/data/rock/opencv_frame_739.png
paper,drive/My Drive/rock_paper_scissors/data/paper/opencv_frame_142.png
paper,drive/My Drive/rock_paper_scissors/data/paper/opencv_frame_98.png
scissors,drive/My Drive/rock_paper_scissors/data/scissors/opencv_frame_532.png
paper,drive/My Drive/rock_paper_scissors/data/paper/opencv_frame_63.png
paper,drive/My Drive/rock_paper_scissors/data/paper/opencv_frame_75.png
scissors,drive/My Drive/rock_paper_scissors/data/scissors/opencv_frame_492.png
paper,drive/My Drive/rock_paper_scissors/data/paper/opencv_frame_209.png
scissors,drive/My Drive/rock_paper_scissors/data/scissors/opencv_frame_377.png
scissors,drive/My Drive/rock_paper_scissors/data/scissors/opencv_frame_321.png
paper,drive/My Drive/rock_paper_scissors/data/paper/opencv_frame_176.png
rock,drive/My Drive/rock_paper_scissors/data/rock/opencv_frame_860.png
scissors,drive/My Drive/rock_paper_scissors/data/scissors/opencv_frame_330.png
paper,drive/My Drive/rock_paper_scissors/data/paper/opencv_frame_298.png
scissors,drive/My Drive/rock_paper_scissors/data/scissors/opencv_frame_425.png
rock,drive/My Drive/rock_paper_scissors/data/rock/opencv_frame_648.png
rock,drive/My Drive/rock_paper_scissors/data/rock/opencv_frame_659.png
scissors,drive/My Drive/rock_paper_scissors/data/scissors/opencv_frame_419.png
paper,drive/My Drive/rock_paper_scissors/data/paper/opencv_frame_87.png
paper,drive/My Drive/rock_paper_scissors/data/paper/opencv_frame_251.png
rock,drive/My Drive/rock_paper_scissors/data/rock/opencv_frame_801.png
rock,drive/My Drive/rock_paper_scissors/data/rock/opencv_frame_840.png
rock,drive/My Drive/rock_paper_scissors/data/rock/opencv_frame_710.png
scissors,drive/My Drive/rock_paper_scissors/data/scissors/opencv_frame_529.png
scissors,drive/My Drive/rock_paper_scissors/data/scissors/opencv_frame_361.png
rock,drive/My Drive/rock_paper_scissors/data/rock/opencv_frame_674.png
scissors,drive/My Drive/rock_paper_scissors/data/scissors/opencv_frame_418.png
paper,drive/My Drive/rock_paper_scissors/data/paper/opencv_frame_205.png
scissors,drive/My Drive/rock_paper_scissors/data/scissors/opencv_frame_370.png
paper,drive/My Drive/rock_paper_scissors/data/paper/opencv_frame_113.png
paper,drive/My Drive/rock_paper_scissors/data/paper/opencv_frame_248.png
rock,drive/My Drive/rock_paper_scissors/data/rock/opencv_frame_757.png
rock,drive/My Drive/rock_paper_scissors/data/rock/opencv_frame_697.png
scissors,drive/My Drive/rock_paper_scissors/data/scissors/opencv_frame_495.png
paper,drive/My Drive/rock_paper_scissors/data/paper/opencv_frame_178.png
paper,drive/My Drive/rock_paper_scissors/data/paper/opencv_frame_271.png
paper,drive/My Drive/rock_paper_scissors/data/paper/opencv_frame_291.png
rock,drive/My Drive/rock_paper_scissors/data/rock/opencv_frame_791.png
rock,drive/My Drive/rock_paper_scissors/data/rock/opencv_frame_842.png
paper,drive/My Drive/rock_paper_scissors/data/paper/opencv_frame_288.png
rock,drive/My Drive/rock_paper_scissors/data/rock/opencv_frame_822.png
scissors,drive/My Drive/rock_paper_scissors/data/scissors/opencv_frame_307.png
paper,drive/My Drive/rock_paper_scissors/data/paper/opencv_frame_181.png
scissors,drive/My Drive/rock_paper_scissors/data/scissors/opencv_frame_345.png
rock,drive/My Drive/rock_paper_scissors/data/rock/opencv_frame_632.png
rock,drive/My Drive/rock_paper_scissors/data/rock/opencv_frame_815.png
rock,drive/My Drive/rock_paper_scissors/data/rock/opencv_frame_683.png
paper,drive/My Drive/rock_paper_scissors/data/paper/opencv_frame_272.png
paper,drive/My Drive/rock_paper_scissors/data/paper/opencv_frame_185.png
paper,drive/My Drive/rock_paper_scissors/data/paper/opencv_frame_122.png
rock,drive/My Drive/rock_paper_scissors/data/rock/opencv_frame_689.png
paper,drive/My Drive/rock_paper_scissors/data/paper/opencv_frame_73.png
rock,drive/My Drive/rock_paper_scissors/data/rock/opencv_frame_900.png
rock,drive/My Drive/rock_paper_scissors/data/rock/opencv_frame_873.png
scissors,drive/My Drive/rock_paper_scissors/data/scissors/opencv_frame_449.png
scissors,drive/My Drive/rock_paper_scissors/data/scissors/opencv_frame_316.png
rock,drive/My Drive/rock_paper_scissors/data/rock/rock_1.png
scissors,drive/My Drive/rock_paper_scissors/data/scissors/opencv_frame_372.png
paper,drive/My Drive/rock_paper_scissors/data/paper/opencv_frame_256.png
scissors,drive/My Drive/rock_paper_scissors/data/scissors/opencv_frame_441.png
rock,drive/My Drive/rock_paper_scissors/data/rock/opencv_frame_704.png
paper,drive/My Drive/rock_paper_scissors/data/paper/opencv_frame_140.png
paper,drive/My Drive/rock_paper_scissors/data/paper/opencv_frame_137.png
scissors,drive/My Drive/rock_paper_scissors/data/scissors/opencv_frame_482.png
rock,drive/My Drive/rock_paper_scissors/data/rock/opencv_frame_865.png
rock,drive/My Drive/rock_paper_scissors/data/rock/opencv_frame_875.png
paper,drive/My Drive/rock_paper_scissors/data/paper/opencv_frame_35.png
rock,drive/My Drive/rock_paper_scissors/data/rock/opencv_frame_718.png
rock,drive/My Drive/rock_paper_scissors/data/rock/opencv_frame_680.png
paper,drive/My Drive/rock_paper_scissors/data/paper/opencv_frame_267.png
rock,drive/My Drive/rock_paper_scissors/data/rock/opencv_frame_824.png
rock,drive/My Drive/rock_paper_scissors/data/rock/opencv_frame_606.png
scissors,drive/My Drive/rock_paper_scissors/data/scissors/opencv_frame_497.png
scissors,drive/My Drive/rock_paper_scissors/data/scissors/opencv_frame_436.png
rock,drive/My Drive/rock_paper_scissors/data/rock/opencv_frame_645.png
rock,drive/My Drive/rock_paper_scissors/data/rock/opencv_frame_676.png
paper,drive/My Drive/rock_paper_scissors/data/paper/opencv_frame_293.png
paper,drive/My Drive/rock_paper_scissors/data/paper/opencv_frame_101.png
rock,drive/My Drive/rock_paper_scissors/data/rock/opencv_frame_871.png
scissors,drive/My Drive/rock_paper_scissors/data/scissors/opencv_frame_342.png
scissors,drive/My Drive/rock_paper_scissors/data/scissors/opencv_frame_459.png
scissors,drive/My Drive/rock_paper_scissors/data/scissors/opencv_frame_574.png
scissors,drive/My Drive/rock_paper_scissors/data/scissors/opencv_frame_491.png
scissors,drive/My Drive/rock_paper_scissors/data/scissors/opencv_frame_524.png
paper,drive/My Drive/rock_paper_scissors/data/paper/opencv_frame_294.png
rock,drive/My Drive/rock_paper_scissors/data/rock/opencv_frame_619.png
scissors,drive/My Drive/rock_paper_scissors/data/scissors/opencv_frame_348.png
scissors,drive/My Drive/rock_paper_scissors/data/scissors/opencv_frame_479.png
paper,drive/My Drive/rock_paper_scissors/data/paper/opencv_frame_164.png
rock,drive/My Drive/rock_paper_scissors/data/rock/opencv_frame_795.png
paper,drive/My Drive/rock_paper_scissors/data/paper/opencv_frame_152.png
scissors,drive/My Drive/rock_paper_scissors/data/scissors/opencv_frame_317.png
rock,drive/My Drive/rock_paper_scissors/data/rock/opencv_frame_723.png
rock,drive/My Drive/rock_paper_scissors/data/rock/opencv_frame_867.png
rock,drive/My Drive/rock_paper_scissors/data/rock/opencv_frame_819.png
paper,drive/My Drive/rock_paper_scissors/data/paper/opencv_frame_105.png
paper,drive/My Drive/rock_paper_scissors/data/paper/opencv_frame_221.png
paper,drive/My Drive/rock_paper_scissors/data/paper/opencv_frame_269.png
paper,drive/My Drive/rock_paper_scissors/data/paper/opencv_frame_5.png
paper,drive/My Drive/rock_paper_scissors/data/paper/opencv_frame_46.png
rock,drive/My Drive/rock_paper_scissors/data/rock/opencv_frame_709.png
rock,drive/My Drive/rock_paper_scissors/data/rock/opencv_frame_854.png
paper,drive/My Drive/rock_paper_scissors/data/paper/opencv_frame_91.png
scissors,drive/My Drive/rock_paper_scissors/data/scissors/opencv_frame_333.png
rock,drive/My Drive/rock_paper_scissors/data/rock/opencv_frame_766.png
rock,drive/My Drive/rock_paper_scissors/data/rock/opencv_frame_892.png
paper,drive/My Drive/rock_paper_scissors/data/paper/opencv_frame_89.png
scissors,drive/My Drive/rock_paper_scissors/data/scissors/opencv_frame_505.png
paper,drive/My Drive/rock_paper_scissors/data/paper/opencv_frame_222.png
rock,drive/My Drive/rock_paper_scissors/data/rock/opencv_frame_653.png
scissors,drive/My Drive/rock_paper_scissors/data/scissors/opencv_frame_373.png
scissors,drive/My Drive/rock_paper_scissors/data/scissors/opencv_frame_448.png
scissors,drive/My Drive/rock_paper_scissors/data/scissors/opencv_frame_543.png
rock,drive/My Drive/rock_paper_scissors/data/rock/opencv_frame_693.png
rock,drive/My Drive/rock_paper_scissors/data/rock/opencv_frame_896.png
rock,drive/My Drive/rock_paper_scissors/data/rock/opencv_frame_660.png
rock,drive/My Drive/rock_paper_scissors/data/rock/opencv_frame_780.png
paper,drive/My Drive/rock_paper_scissors/data/paper/opencv_frame_25.png
paper,drive/My Drive/rock_paper_scissors/data/paper/opencv_frame_144.png
paper,drive/My Drive/rock_paper_scissors/data/paper/opencv_frame_154.png
scissors,drive/My Drive/rock_paper_scissors/data/scissors/opencv_frame_346.png
rock,drive/My Drive/rock_paper_scissors/data/rock/opencv_frame_735.png
rock,drive/My Drive/rock_paper_scissors/data/rock/opencv_frame_851.png
scissors,drive/My Drive/rock_paper_scissors/data/scissors/opencv_frame_426.png
paper,drive/My Drive/rock_paper_scissors/data/paper/opencv_frame_109.png
scissors,drive/My Drive/rock_paper_scissors/data/scissors/opencv_frame_422.png
scissors,drive/My Drive/rock_paper_scissors/data/scissors/scissors_1.png
scissors,drive/My Drive/rock_paper_scissors/data/scissors/opencv_frame_398.png
paper,drive/My Drive/rock_paper_scissors/data/paper/opencv_frame_292.png
paper,drive/My Drive/rock_paper_scissors/data/paper/opencv_frame_84.png
rock,drive/My Drive/rock_paper_scissors/data/rock/opencv_frame_754.png
paper,drive/My Drive/rock_paper_scissors/data/paper/opencv_frame_10.png
paper,drive/My Drive/rock_paper_scissors/data/paper/opencv_frame_53.png
paper,drive/My Drive/rock_paper_scissors/data/paper/opencv_frame_48.png
paper,drive/My Drive/rock_paper_scissors/data/paper/opencv_frame_70.png
rock,drive/My Drive/rock_paper_scissors/data/rock/opencv_frame_796.png
paper,drive/My Drive/rock_paper_scissors/data/paper/opencv_frame_17.png
scissors,drive/My Drive/rock_paper_scissors/data/scissors/opencv_frame_563.png
rock,drive/My Drive/rock_paper_scissors/data/rock/opencv_frame_665.png
scissors,drive/My Drive/rock_paper_scissors/data/scissors/opencv_frame_319.png
rock,drive/My Drive/rock_paper_scissors/data/rock/opencv_frame_861.png
scissors,drive/My Drive/rock_paper_scissors/data/scissors/opencv_frame_480.png
rock,drive/My Drive/rock_paper_scissors/data/rock/opencv_frame_717.png
paper,drive/My Drive/rock_paper_scissors/data/paper/opencv_frame_38.png
paper,drive/My Drive/rock_paper_scissors/data/paper/opencv_frame_90.png
scissors,drive/My Drive/rock_paper_scissors/data/scissors/opencv_frame_302.png
rock,drive/My Drive/rock_paper_scissors/data/rock/opencv_frame_627.png
scissors,drive/My Drive/rock_paper_scissors/data/scissors/opencv_frame_487.png
rock,drive/My Drive/rock_paper_scissors/data/rock/opencv_frame_614.png
paper,drive/My Drive/rock_paper_scissors/data/paper/opencv_frame_240.png
rock,drive/My Drive/rock_paper_scissors/data/rock/opencv_frame_764.png
rock,drive/My Drive/rock_paper_scissors/data/rock/opencv_frame_835.png
paper,drive/My Drive/rock_paper_scissors/data/paper/opencv_frame_171.png
paper,drive/My Drive/rock_paper_scissors/data/paper/opencv_frame_107.png
scissors,drive/My Drive/rock_paper_scissors/data/scissors/opencv_frame_519.png
paper,drive/My Drive/rock_paper_scissors/data/paper/opencv_frame_59.png
paper,drive/My Drive/rock_paper_scissors/data/paper/opencv_frame_244.png
scissors,drive/My Drive/rock_paper_scissors/data/scissors/opencv_frame_475.png
paper,drive/My Drive/rock_paper_scissors/data/paper/opencv_frame_69.png
scissors,drive/My Drive/rock_paper_scissors/data/scissors/opencv_frame_443.png
rock,drive/My Drive/rock_paper_scissors/data/rock/opencv_frame_756.png
paper,drive/My Drive/rock_paper_scissors/data/paper/opencv_frame_237.png
scissors,drive/My Drive/rock_paper_scissors/data/scissors/opencv_frame_560.png
rock,drive/My Drive/rock_paper_scissors/data/rock/opencv_frame_812.png
paper,drive/My Drive/rock_paper_scissors/data/paper/opencv_frame_153.png
scissors,drive/My Drive/rock_paper_scissors/data/scissors/opencv_frame_554.png
paper,drive/My Drive/rock_paper_scissors/data/paper/opencv_frame_286.png
paper,drive/My Drive/rock_paper_scissors/data/paper/opencv_frame_96.png
rock,drive/My Drive/rock_paper_scissors/data/rock/opencv_frame_805.png
scissors,drive/My Drive/rock_paper_scissors/data/scissors/opencv_frame_571.png
rock,drive/My Drive/rock_paper_scissors/data/rock/opencv_frame_655.png
rock,drive/My Drive/rock_paper_scissors/data/rock/opencv_frame_762.png
scissors,drive/My Drive/rock_paper_scissors/data/scissors/opencv_frame_577.png
scissors,drive/My Drive/rock_paper_scissors/data/scissors/opencv_frame_311.png
paper,drive/My Drive/rock_paper_scissors/data/paper/opencv_frame_27.png
paper,drive/My Drive/rock_paper_scissors/data/paper/opencv_frame_289.png
paper,drive/My Drive/rock_paper_scissors/data/paper/opencv_frame_261.png
rock,drive/My Drive/rock_paper_scissors/data/rock/opencv_frame_760.png
paper,drive/My Drive/rock_paper_scissors/data/paper/opencv_frame_62.png
rock,drive/My Drive/rock_paper_scissors/data/rock/opencv_frame_839.png
paper,drive/My Drive/rock_paper_scissors/data/paper/opencv_frame_238.png
scissors,drive/My Drive/rock_paper_scissors/data/scissors/opencv_frame_303.png
paper,drive/My Drive/rock_paper_scissors/data/paper/opencv_frame_195.png
paper,drive/My Drive/rock_paper_scissors/data/paper/opencv_frame_23.png
scissors,drive/My Drive/rock_paper_scissors/data/scissors/opencv_frame_533.png
scissors,drive/My Drive/rock_paper_scissors/data/scissors/opencv_frame_301.png
rock,drive/My Drive/rock_paper_scissors/data/rock/rock_2.png
paper,drive/My Drive/rock_paper_scissors/data/paper/opencv_frame_148.png
scissors,drive/My Drive/rock_paper_scissors/data/scissors/opencv_frame_359.png
paper,drive/My Drive/rock_paper_scissors/data/paper/opencv_frame_74.png
scissors,drive/My Drive/rock_paper_scissors/data/scissors/opencv_frame_526.png
rock,drive/My Drive/rock_paper_scissors/data/rock/opencv_frame_634.png
scissors,drive/My Drive/rock_paper_scissors/data/scissors/opencv_frame_313.png
scissors,drive/My Drive/rock_paper_scissors/data/scissors/opencv_frame_559.png
paper,drive/My Drive/rock_paper_scissors/data/paper/opencv_frame_285.png
paper,drive/My Drive/rock_paper_scissors/data/paper/opencv_frame_169.png
rock,drive/My Drive/rock_paper_scissors/data/rock/opencv_frame_821.png
scissors,drive/My Drive/rock_paper_scissors/data/scissors/opencv_frame_390.png
rock,drive/My Drive/rock_paper_scissors/data/rock/opencv_frame_747.png
scissors,drive/My Drive/rock_paper_scissors/data/scissors/opencv_frame_341.png
paper,drive/My Drive/rock_paper_scissors/data/paper/opencv_frame_231.png
rock,drive/My Drive/rock_paper_scissors/data/rock/opencv_frame_750.png
paper,drive/My Drive/rock_paper_scissors/data/paper/opencv_frame_160.png
rock,drive/My Drive/rock_paper_scissors/data/rock/opencv_frame_690.png
rock,drive/My Drive/rock_paper_scissors/data/rock/opencv_frame_783.png
paper,drive/My Drive/rock_paper_scissors/data/paper/opencv_frame_21.png
paper,drive/My Drive/rock_paper_scissors/data/paper/opencv_frame_8.png
paper,drive/My Drive/rock_paper_scissors/data/paper/opencv_frame_99.png
scissors,drive/My Drive/rock_paper_scissors/data/scissors/opencv_frame_538.png
rock,drive/My Drive/rock_paper_scissors/data/rock/opencv_frame_817.png
paper,drive/My Drive/rock_paper_scissors/data/paper/opencv_frame_189.png
paper,drive/My Drive/rock_paper_scissors/data/paper/opencv_frame_284.png
rock,drive/My Drive/rock_paper_scissors/data/rock/opencv_frame_743.png
scissors,drive/My Drive/rock_paper_scissors/data/scissors/opencv_frame_400.png
scissors,drive/My Drive/rock_paper_scissors/data/scissors/opencv_frame_534.png
rock,drive/My Drive/rock_paper_scissors/data/rock/opencv_frame_628.png
scissors,drive/My Drive/rock_paper_scissors/data/scissors/opencv_frame_315.png
paper,drive/My Drive/rock_paper_scissors/data/paper/opencv_frame_82.png
scissors,drive/My Drive/rock_paper_scissors/data/scissors/opencv_frame_454.png
paper,drive/My Drive/rock_paper_scissors/data/paper/opencv_frame_30.png
paper,drive/My Drive/rock_paper_scissors/data/paper/opencv_frame_282.png
paper,drive/My Drive/rock_paper_scissors/data/paper/opencv_frame_66.png
rock,drive/My Drive/rock_paper_scissors/data/rock/opencv_frame_604.png
paper,drive/My Drive/rock_paper_scissors/data/paper/opencv_frame_20.png
scissors,drive/My Drive/rock_paper_scissors/data/scissors/opencv_frame_506.png
scissors,drive/My Drive/rock_paper_scissors/data/scissors/opencv_frame_539.png
rock,drive/My Drive/rock_paper_scissors/data/rock/opencv_frame_837.png
paper,drive/My Drive/rock_paper_scissors/data/paper/opencv_frame_218.png
paper,drive/My Drive/rock_paper_scissors/data/paper/opencv_frame_125.png
scissors,drive/My Drive/rock_paper_scissors/data/scissors/opencv_frame_403.png
rock,drive/My Drive/rock_paper_scissors/data/rock/opencv_frame_841.png
rock,drive/My Drive/rock_paper_scissors/data/rock/opencv_frame_843.png
rock,drive/My Drive/rock_paper_scissors/data/rock/opencv_frame_721.png
paper,drive/My Drive/rock_paper_scissors/data/paper/opencv_frame_219.png
rock,drive/My Drive/rock_paper_scissors/data/rock/opencv_frame_669.png
rock,drive/My Drive/rock_paper_scissors/data/rock/opencv_frame_869.png
rock,drive/My Drive/rock_paper_scissors/data/rock/opencv_frame_742.png
scissors,drive/My Drive/rock_paper_scissors/data/scissors/opencv_frame_458.png
paper,drive/My Drive/rock_paper_scissors/data/paper/opencv_frame_36.png
paper,drive/My Drive/rock_paper_scissors/data/paper/opencv_frame_232.png
scissors,drive/My Drive/rock_paper_scissors/data/scissors/opencv_frame_399.png
scissors,drive/My Drive/rock_paper_scissors/data/scissors/opencv_frame_413.png
rock,drive/My Drive/rock_paper_scissors/data/rock/opencv_frame_895.png
rock,drive/My Drive/rock_paper_scissors/data/rock/opencv_frame_644.png
scissors,drive/My Drive/rock_paper_scissors/data/scissors/opencv_frame_522.png
scissors,drive/My Drive/rock_paper_scissors/data/scissors/opencv_frame_393.png
rock,drive/My Drive/rock_paper_scissors/data/rock/opencv_frame_883.png
paper,drive/My Drive/rock_paper_scissors/data/paper/opencv_frame_226.png
scissors,drive/My Drive/rock_paper_scissors/data/scissors/opencv_frame_562.png
paper,drive/My Drive/rock_paper_scissors/data/paper/opencv_frame_217.png
paper,drive/My Drive/rock_paper_scissors/data/paper/opencv_frame_156.png
scissors,drive/My Drive/rock_paper_scissors/data/scissors/opencv_frame_438.png
scissors,drive/My Drive/rock_paper_scissors/data/scissors/opencv_frame_550.png
scissors,drive/My Drive/rock_paper_scissors/data/scissors/opencv_frame_525.png
scissors,drive/My Drive/rock_paper_scissors/data/scissors/opencv_frame_476.png
scissors,drive/My Drive/rock_paper_scissors/data/scissors/opencv_frame_421.png
rock,drive/My Drive/rock_paper_scissors/data/rock/opencv_frame_799.png
paper,drive/My Drive/rock_paper_scissors/data/paper/opencv_frame_31.png
paper,drive/My Drive/rock_paper_scissors/data/paper/opencv_frame_1.png
paper,drive/My Drive/rock_paper_scissors/data/paper/opencv_frame_168.png
scissors,drive/My Drive/rock_paper_scissors/data/scissors/opencv_frame_378.png
rock,drive/My Drive/rock_paper_scissors/data/rock/opencv_frame_696.png
rock,drive/My Drive/rock_paper_scissors/data/rock/opencv_frame_775.png
paper,drive/My Drive/rock_paper_scissors/data/paper/opencv_frame_16.png
rock,drive/My Drive/rock_paper_scissors/data/rock/opencv_frame_745.png
rock,drive/My Drive/rock_paper_scissors/data/rock/opencv_frame_635.png
scissors,drive/My Drive/rock_paper_scissors/data/scissors/opencv_frame_544.png
rock,drive/My Drive/rock_paper_scissors/data/rock/opencv_frame_870.png
scissors,drive/My Drive/rock_paper_scissors/data/scissors/opencv_frame_581.png
scissors,drive/My Drive/rock_paper_scissors/data/scissors/opencv_frame_371.png
rock,drive/My Drive/rock_paper_scissors/data/rock/opencv_frame_823.png
scissors,drive/My Drive/rock_paper_scissors/data/scissors/opencv_frame_535.png
rock,drive/My Drive/rock_paper_scissors/data/rock/opencv_frame_810.png
scissors,drive/My Drive/rock_paper_scissors/data/scissors/opencv_frame_414.png
scissors,drive/My Drive/rock_paper_scissors/data/scissors/opencv_frame_392.png
scissors,drive/My Drive/rock_paper_scissors/data/scissors/opencv_frame_586.png
paper,drive/My Drive/rock_paper_scissors/data/paper/opencv_frame_45.png
rock,drive/My Drive/rock_paper_scissors/data/rock/opencv_frame_641.png
paper,drive/My Drive/rock_paper_scissors/data/paper/opencv_frame_155.png
paper,drive/My Drive/rock_paper_scissors/data/paper/opencv_frame_213.png
paper,drive/My Drive/rock_paper_scissors/data/paper/opencv_frame_7.png
paper,drive/My Drive/rock_paper_scissors/data/paper/opencv_frame_131.png
rock,drive/My Drive/rock_paper_scissors/data/rock/opencv_frame_893.png
paper,drive/My Drive/rock_paper_scissors/data/paper/opencv_frame_264.png
scissors,drive/My Drive/rock_paper_scissors/data/scissors/opencv_frame_310.png
scissors,drive/My Drive/rock_paper_scissors/data/scissors/opencv_frame_375.png
scissors,drive/My Drive/rock_paper_scissors/data/scissors/opencv_frame_485.png
paper,drive/My Drive/rock_paper_scissors/data/paper/opencv_frame_128.png
scissors,drive/My Drive/rock_paper_scissors/data/scissors/opencv_frame_575.png
scissors,drive/My Drive/rock_paper_scissors/data/scissors/opencv_frame_541.png
scissors,drive/My Drive/rock_paper_scissors/data/scissors/opencv_frame_351.png
rock,drive/My Drive/rock_paper_scissors/data/rock/opencv_frame_874.png
scissors,drive/My Drive/rock_paper_scissors/data/scissors/opencv_frame_473.png
paper,drive/My Drive/rock_paper_scissors/data/paper/opencv_frame_78.png
scissors,drive/My Drive/rock_paper_scissors/data/scissors/opencv_frame_466.png
rock,drive/My Drive/rock_paper_scissors/data/rock/opencv_frame_725.png
paper,drive/My Drive/rock_paper_scissors/data/paper/opencv_frame_120.png
rock,drive/My Drive/rock_paper_scissors/data/rock/opencv_frame_786.png
scissors,drive/My Drive/rock_paper_scissors/data/scissors/opencv_frame_561.png
paper,drive/My Drive/rock_paper_scissors/data/paper/opencv_frame_68.png
rock,drive/My Drive/rock_paper_scissors/data/rock/opencv_frame_751.png
rock,drive/My Drive/rock_paper_scissors/data/rock/opencv_frame_616.png
paper,drive/My Drive/rock_paper_scissors/data/paper/opencv_frame_258.png
scissors,drive/My Drive/rock_paper_scissors/data/scissors/opencv_frame_564.png
scissors,drive/My Drive/rock_paper_scissors/data/scissors/opencv_frame_547.png
rock,drive/My Drive/rock_paper_scissors/data/rock/opencv_frame_663.png
scissors,drive/My Drive/rock_paper_scissors/data/scissors/opencv_frame_356.png
rock,drive/My Drive/rock_paper_scissors/data/rock/opencv_frame_666.png
scissors,drive/My Drive/rock_paper_scissors/data/scissors/opencv_frame_590.png
rock,drive/My Drive/rock_paper_scissors/data/rock/opencv_frame_749.png
rock,drive/My Drive/rock_paper_scissors/data/rock/opencv_frame_703.png
rock,drive/My Drive/rock_paper_scissors/data/rock/opencv_frame_832.png
paper,drive/My Drive/rock_paper_scissors/data/paper/opencv_frame_266.png
rock,drive/My Drive/rock_paper_scissors/data/rock/opencv_frame_886.png
scissors,drive/My Drive/rock_paper_scissors/data/scissors/opencv_frame_367.png
scissors,drive/My Drive/rock_paper_scissors/data/scissors/opencv_frame_598.png
paper,drive/My Drive/rock_paper_scissors/data/paper/opencv_frame_170.png
rock,drive/My Drive/rock_paper_scissors/data/rock/opencv_frame_740.png
scissors,drive/My Drive/rock_paper_scissors/data/scissors/opencv_frame_568.png
scissors,drive/My Drive/rock_paper_scissors/data/scissors/opencv_frame_512.png
scissors,drive/My Drive/rock_paper_scissors/data/scissors/opencv_frame_362.png
paper,drive/My Drive/rock_paper_scissors/data/paper/opencv_frame_77.png
paper,drive/My Drive/rock_paper_scissors/data/paper/opencv_frame_186.png
scissors,drive/My Drive/rock_paper_scissors/data/scissors/opencv_frame_576.png
paper,drive/My Drive/rock_paper_scissors/data/paper/opencv_frame_190.png
scissors,drive/My Drive/rock_paper_scissors/data/scissors/opencv_frame_536.png
rock,drive/My Drive/rock_paper_scissors/data/rock/opencv_frame_838.png
scissors,drive/My Drive/rock_paper_scissors/data/scissors/opencv_frame_415.png
scissors,drive/My Drive/rock_paper_scissors/data/scissors/opencv_frame_440.png
paper,drive/My Drive/rock_paper_scissors/data/paper/opencv_frame_58.png
rock,drive/My Drive/rock_paper_scissors/data/rock/opencv_frame_688.png
scissors,drive/My Drive/rock_paper_scissors/data/scissors/opencv_frame_343.png
paper,drive/My Drive/rock_paper_scissors/data/paper/opencv_frame_4.png
rock,drive/My Drive/rock_paper_scissors/data/rock/opencv_frame_728.png
rock,drive/My Drive/rock_paper_scissors/data/rock/opencv_frame_798.png
paper,drive/My Drive/rock_paper_scissors/data/paper/opencv_frame_165.png
rock,drive/My Drive/rock_paper_scissors/data/rock/opencv_frame_711.png
paper,drive/My Drive/rock_paper_scissors/data/paper/opencv_frame_211.png
rock,drive/My Drive/rock_paper_scissors/data/rock/opencv_frame_657.png
rock,drive/My Drive/rock_paper_scissors/data/rock/opencv_frame_664.png
paper,drive/My Drive/rock_paper_scissors/data/paper/opencv_frame_119.png
rock,drive/My Drive/rock_paper_scissors/data/rock/opencv_frame_797.png
paper,drive/My Drive/rock_paper_scissors/data/paper/opencv_frame_287.png
rock,drive/My Drive/rock_paper_scissors/data/rock/opencv_frame_825.png
scissors,drive/My Drive/rock_paper_scissors/data/scissors/opencv_frame_555.png
scissors,drive/My Drive/rock_paper_scissors/data/scissors/opencv_frame_354.png
rock,drive/My Drive/rock_paper_scissors/data/rock/opencv_frame_611.png
rock,drive/My Drive/rock_paper_scissors/data/rock/opencv_frame_828.png
paper,drive/My Drive/rock_paper_scissors/data/paper/opencv_frame_3.png
scissors,drive/My Drive/rock_paper_scissors/data/scissors/opencv_frame_428.png
rock,drive/My Drive/rock_paper_scissors/data/rock/opencv_frame_772.png
scissors,drive/My Drive/rock_paper_scissors/data/scissors/opencv_frame_388.png
rock,drive/My Drive/rock_paper_scissors/data/rock/opencv_frame_794.png
rock,drive/My Drive/rock_paper_scissors/data/rock/opencv_frame_737.png
scissors,drive/My Drive/rock_paper_scissors/data/scissors/opencv_frame_580.png
paper,drive/My Drive/rock_paper_scissors/data/paper/opencv_frame_162.png
rock,drive/My Drive/rock_paper_scissors/data/rock/opencv_frame_868.png
paper,drive/My Drive/rock_paper_scissors/data/paper/opencv_frame_112.png
paper,drive/My Drive/rock_paper_scissors/data/paper/opencv_frame_49.png
scissors,drive/My Drive/rock_paper_scissors/data/scissors/opencv_frame_437.png
scissors,drive/My Drive/rock_paper_scissors/data/scissors/opencv_frame_531.png
paper,drive/My Drive/rock_paper_scissors/data/paper/opencv_frame_102.png
rock,drive/My Drive/rock_paper_scissors/data/rock/opencv_frame_652.png
scissors,drive/My Drive/rock_paper_scissors/data/scissors/opencv_frame_460.png
rock,drive/My Drive/rock_paper_scissors/data/rock/opencv_frame_603.png
rock,drive/My Drive/rock_paper_scissors/data/rock/opencv_frame_623.png
paper,drive/My Drive/rock_paper_scissors/data/paper/opencv_frame_52.png
scissors,drive/My Drive/rock_paper_scissors/data/scissors/opencv_frame_578.png
paper,drive/My Drive/rock_paper_scissors/data/paper/opencv_frame_197.png
rock,drive/My Drive/rock_paper_scissors/data/rock/opencv_frame_878.png
paper,drive/My Drive/rock_paper_scissors/data/paper/opencv_frame_104.png
paper,drive/My Drive/rock_paper_scissors/data/paper/opencv_frame_61.png
scissors,drive/My Drive/rock_paper_scissors/data/scissors/opencv_frame_518.png
scissors,drive/My Drive/rock_paper_scissors/data/scissors/opencv_frame_566.png
rock,drive/My Drive/rock_paper_scissors/data/rock/opencv_frame_646.png
scissors,drive/My Drive/rock_paper_scissors/data/scissors/opencv_frame_483.png
paper,drive/My Drive/rock_paper_scissors/data/paper/opencv_frame_184.png
paper,drive/My Drive/rock_paper_scissors/data/paper/opencv_frame_212.png
rock,drive/My Drive/rock_paper_scissors/data/rock/opencv_frame_605.png
rock,drive/My Drive/rock_paper_scissors/data/rock/opencv_frame_698.png
scissors,drive/My Drive/rock_paper_scissors/data/scissors/opencv_frame_387.png
scissors,drive/My Drive/rock_paper_scissors/data/scissors/opencv_frame_540.png
scissors,drive/My Drive/rock_paper_scissors/data/scissors/opencv_frame_318.png
paper,drive/My Drive/rock_paper_scissors/data/paper/opencv_frame_182.png
paper,drive/My Drive/rock_paper_scissors/data/paper/opencv_frame_215.png
paper,drive/My Drive/rock_paper_scissors/data/paper/opencv_frame_262.png
scissors,drive/My Drive/rock_paper_scissors/data/scissors/opencv_frame_424.png
paper,drive/My Drive/rock_paper_scissors/data/paper/opencv_frame_116.png
scissors,drive/My Drive/rock_paper_scissors/data/scissors/opencv_frame_386.png
scissors,drive/My Drive/rock_paper_scissors/data/scissors/opencv_frame_445.png
scissors,drive/My Drive/rock_paper_scissors/data/scissors/opencv_frame_471.png
scissors,drive/My Drive/rock_paper_scissors/data/scissors/opencv_frame_513.png
rock,drive/My Drive/rock_paper_scissors/data/rock/opencv_frame_853.png
scissors,drive/My Drive/rock_paper_scissors/data/scissors/opencv_frame_504.png
rock,drive/My Drive/rock_paper_scissors/data/rock/opencv_frame_654.png
paper,drive/My Drive/rock_paper_scissors/data/paper/opencv_frame_114.png
rock,drive/My Drive/rock_paper_scissors/data/rock/opencv_frame_768.png
paper,drive/My Drive/rock_paper_scissors/data/paper/opencv_frame_86.png
rock,drive/My Drive/rock_paper_scissors/data/rock/opencv_frame_620.png
scissors,drive/My Drive/rock_paper_scissors/data/scissors/opencv_frame_447.png
paper,drive/My Drive/rock_paper_scissors/data/paper/opencv_frame_173.png
scissors,drive/My Drive/rock_paper_scissors/data/scissors/opencv_frame_329.png
paper,drive/My Drive/rock_paper_scissors/data/paper/opencv_frame_296.png
paper,drive/My Drive/rock_paper_scissors/data/paper/opencv_frame_158.png
rock,drive/My Drive/rock_paper_scissors/data/rock/opencv_frame_613.png
rock,drive/My Drive/rock_paper_scissors/data/rock/opencv_frame_767.png
rock,drive/My Drive/rock_paper_scissors/data/rock/opencv_frame_670.png
scissors,drive/My Drive/rock_paper_scissors/data/scissors/opencv_frame_528.png
scissors,drive/My Drive/rock_paper_scissors/data/scissors/opencv_frame_331.png
scissors,drive/My Drive/rock_paper_scissors/data/scissors/opencv_frame_429.png
paper,drive/My Drive/rock_paper_scissors/data/paper/opencv_frame_67.png
scissors,drive/My Drive/rock_paper_scissors/data/scissors/scissors_2.png
paper,drive/My Drive/rock_paper_scissors/data/paper/opencv_frame_93.png
rock,drive/My Drive/rock_paper_scissors/data/rock/opencv_frame_662.png
rock,drive/My Drive/rock_paper_scissors/data/rock/opencv_frame_631.png
paper,drive/My Drive/rock_paper_scissors/data/paper/opencv_frame_28.png
scissors,drive/My Drive/rock_paper_scissors/data/scissors/opencv_frame_363.png
paper,drive/My Drive/rock_paper_scissors/data/paper/opencv_frame_249.png
scissors,drive/My Drive/rock_paper_scissors/data/scissors/opencv_frame_558.png
paper,drive/My Drive/rock_paper_scissors/data/paper/opencv_frame_72.png
scissors,drive/My Drive/rock_paper_scissors/data/scissors/opencv_frame_501.png
paper,drive/My Drive/rock_paper_scissors/data/paper/opencv_frame_2.png
rock,drive/My Drive/rock_paper_scissors/data/rock/opencv_frame_765.png
paper,drive/My Drive/rock_paper_scissors/data/paper/opencv_frame_297.png
paper,drive/My Drive/rock_paper_scissors/data/paper/opencv_frame_126.png
scissors,drive/My Drive/rock_paper_scissors/data/scissors/opencv_frame_508.png
scissors,drive/My Drive/rock_paper_scissors/data/scissors/opencv_frame_309.png
paper,drive/My Drive/rock_paper_scissors/data/paper/opencv_frame_151.png
scissors,drive/My Drive/rock_paper_scissors/data/scissors/opencv_frame_452.png
scissors,drive/My Drive/rock_paper_scissors/data/scissors/opencv_frame_587.png
paper,drive/My Drive/rock_paper_scissors/data/paper/opencv_frame_202.png
paper,drive/My Drive/rock_paper_scissors/data/paper/opencv_frame_103.png
paper,drive/My Drive/rock_paper_scissors/data/paper/opencv_frame_41.png
paper,drive/My Drive/rock_paper_scissors/data/paper/opencv_frame_210.png
paper,drive/My Drive/rock_paper_scissors/data/paper/opencv_frame_279.png
scissors,drive/My Drive/rock_paper_scissors/data/scissors/opencv_frame_335.png
scissors,drive/My Drive/rock_paper_scissors/data/scissors/opencv_frame_499.png
rock,drive/My Drive/rock_paper_scissors/data/rock/opencv_frame_716.png
rock,drive/My Drive/rock_paper_scissors/data/rock/opencv_frame_610.png
paper,drive/My Drive/rock_paper_scissors/data/paper/opencv_frame_97.png
paper,drive/My Drive/rock_paper_scissors/data/paper/opencv_frame_145.png
rock,drive/My Drive/rock_paper_scissors/data/rock/opencv_frame_636.png
paper,drive/My Drive/rock_paper_scissors/data/paper/opencv_frame_56.png
rock,drive/My Drive/rock_paper_scissors/data/rock/opencv_frame_672.png
paper,drive/My Drive/rock_paper_scissors/data/paper/opencv_frame_265.png
rock,drive/My Drive/rock_paper_scissors/data/rock/rock_3.png
scissors,drive/My Drive/rock_paper_scissors/data/scissors/opencv_frame_376.png
rock,drive/My Drive/rock_paper_scissors/data/rock/opencv_frame_788.png
rock,drive/My Drive/rock_paper_scissors/data/rock/opencv_frame_830.png
paper,drive/My Drive/rock_paper_scissors/data/paper/opencv_frame_124.png
paper,drive/My Drive/rock_paper_scissors/data/paper/opencv_frame_149.png
paper,drive/My Drive/rock_paper_scissors/data/paper/opencv_frame_14.png
scissors,drive/My Drive/rock_paper_scissors/data/scissors/opencv_frame_565.png
rock,drive/My Drive/rock_paper_scissors/data/rock/opencv_frame_650.png
paper,drive/My Drive/rock_paper_scissors/data/paper/opencv_frame_139.png
scissors,drive/My Drive/rock_paper_scissors/data/scissors/opencv_frame_435.png
rock,drive/My Drive/rock_paper_scissors/data/rock/opencv_frame_713.png
rock,drive/My Drive/rock_paper_scissors/data/rock/opencv_frame_811.png
rock,drive/My Drive/rock_paper_scissors/data/rock/opencv_frame_790.png
paper,drive/My Drive/rock_paper_scissors/data/paper/opencv_frame_204.png
scissors,drive/My Drive/rock_paper_scissors/data/scissors/opencv_frame_472.png
scissors,drive/My Drive/rock_paper_scissors/data/scissors/opencv_frame_433.png
paper,drive/My Drive/rock_paper_scissors/data/paper/opencv_frame_54.png
scissors,drive/My Drive/rock_paper_scissors/data/scissors/opencv_frame_542.png
paper,drive/My Drive/rock_paper_scissors/data/paper/opencv_frame_229.png
paper,drive/My Drive/rock_paper_scissors/data/paper/opencv_frame_254.png
paper,drive/My Drive/rock_paper_scissors/data/paper/opencv_frame_159.png
scissors,drive/My Drive/rock_paper_scissors/data/scissors/opencv_frame_509.png
scissors,drive/My Drive/rock_paper_scissors/data/scissors/opencv_frame_368.png
paper,drive/My Drive/rock_paper_scissors/data/paper/opencv_frame_134.png
scissors,drive/My Drive/rock_paper_scissors/data/scissors/opencv_frame_493.png
paper,drive/My Drive/rock_paper_scissors/data/paper/opencv_frame_129.png
paper,drive/My Drive/rock_paper_scissors/data/paper/opencv_frame_263.png
scissors,drive/My Drive/rock_paper_scissors/data/scissors/opencv_frame_510.png
paper,drive/My Drive/rock_paper_scissors/data/paper/opencv_frame_246.png
paper,drive/My Drive/rock_paper_scissors/data/paper/opencv_frame_199.png
rock,drive/My Drive/rock_paper_scissors/data/rock/opencv_frame_872.png
rock,drive/My Drive/rock_paper_scissors/data/rock/opencv_frame_752.png
rock,drive/My Drive/rock_paper_scissors/data/rock/opencv_frame_789.png
paper,drive/My Drive/rock_paper_scissors/data/paper/opencv_frame_22.png
scissors,drive/My Drive/rock_paper_scissors/data/scissors/opencv_frame_358.png
scissors,drive/My Drive/rock_paper_scissors/data/scissors/opencv_frame_469.png
paper,drive/My Drive/rock_paper_scissors/data/paper/opencv_frame_245.png
rock,drive/My Drive/rock_paper_scissors/data/rock/opencv_frame_820.png
rock,drive/My Drive/rock_paper_scissors/data/rock/opencv_frame_637.png
scissors,drive/My Drive/rock_paper_scissors/data/scissors/opencv_frame_395.png
scissors,drive/My Drive/rock_paper_scissors/data/scissors/opencv_frame_365.png
rock,drive/My Drive/rock_paper_scissors/data/rock/opencv_frame_748.png
paper,drive/My Drive/rock_paper_scissors/data/paper/opencv_frame_196.png
rock,drive/My Drive/rock_paper_scissors/data/rock/opencv_frame_731.png
paper,drive/My Drive/rock_paper_scissors/data/paper/opencv_frame_225.png
scissors,drive/My Drive/rock_paper_scissors/data/scissors/opencv_frame_350.png
scissors,drive/My Drive/rock_paper_scissors/data/scissors/opencv_frame_588.png
rock,drive/My Drive/rock_paper_scissors/data/rock/opencv_frame_730.png
scissors,drive/My Drive/rock_paper_scissors/data/scissors/opencv_frame_338.png
rock,drive/My Drive/rock_paper_scissors/data/rock/opencv_frame_855.png
scissors,drive/My Drive/rock_paper_scissors/data/scissors/opencv_frame_304.png
paper,drive/My Drive/rock_paper_scissors/data/paper/opencv_frame_60.png
rock,drive/My Drive/rock_paper_scissors/data/rock/opencv_frame_862.png
paper,drive/My Drive/rock_paper_scissors/data/paper/opencv_frame_76.png
scissors,drive/My Drive/rock_paper_scissors/data/scissors/opencv_frame_446.png
scissors,drive/My Drive/rock_paper_scissors/data/scissors/opencv_frame_320.png
scissors,drive/My Drive/rock_paper_scissors/data/scissors/opencv_frame_430.png
scissors,drive/My Drive/rock_paper_scissors/data/scissors/opencv_frame_579.png
rock,drive/My Drive/rock_paper_scissors/data/rock/opencv_frame_726.png
scissors,drive/My Drive/rock_paper_scissors/data/scissors/opencv_frame_379.png
paper,drive/My Drive/rock_paper_scissors/data/paper/opencv_frame_277.png
paper,drive/My Drive/rock_paper_scissors/data/paper/opencv_frame_224.png
scissors,drive/My Drive/rock_paper_scissors/data/scissors/opencv_frame_327.png
paper,drive/My Drive/rock_paper_scissors/data/paper/opencv_frame_252.png
scissors,drive/My Drive/rock_paper_scissors/data/scissors/opencv_frame_572.png
paper,drive/My Drive/rock_paper_scissors/data/paper/opencv_frame_150.png
paper,drive/My Drive/rock_paper_scissors/data/paper/opencv_frame_203.png
scissors,drive/My Drive/rock_paper_scissors/data/scissors/opencv_frame_404.png
rock,drive/My Drive/rock_paper_scissors/data/rock/opencv_frame_863.png
rock,drive/My Drive/rock_paper_scissors/data/rock/opencv_frame_881.png
scissors,drive/My Drive/rock_paper_scissors/data/scissors/opencv_frame_593.png
paper,drive/My Drive/rock_paper_scissors/data/paper/opencv_frame_242.png
paper,drive/My Drive/rock_paper_scissors/data/paper/opencv_frame_15.png
scissors,drive/My Drive/rock_paper_scissors/data/scissors/opencv_frame_489.png
paper,drive/My Drive/rock_paper_scissors/data/paper/opencv_frame_201.png
paper,drive/My Drive/rock_paper_scissors/data/paper/opencv_frame_206.png
paper,drive/My Drive/rock_paper_scissors/data/paper/opencv_frame_220.png
rock,drive/My Drive/rock_paper_scissors/data/rock/opencv_frame_889.png
paper,drive/My Drive/rock_paper_scissors/data/paper/opencv_frame_92.png
rock,drive/My Drive/rock_paper_scissors/data/rock/opencv_frame_687.png
paper,drive/My Drive/rock_paper_scissors/data/paper/opencv_frame_37.png
rock,drive/My Drive/rock_paper_scissors/data/rock/opencv_frame_677.png
scissors,drive/My Drive/rock_paper_scissors/data/scissors/opencv_frame_520.png
scissors,drive/My Drive/rock_paper_scissors/data/scissors/opencv_frame_573.png
scissors,drive/My Drive/rock_paper_scissors/data/scissors/opencv_frame_486.png
rock,drive/My Drive/rock_paper_scissors/data/rock/opencv_frame_615.png
rock,drive/My Drive/rock_paper_scissors/data/rock/opencv_frame_649.png
paper,drive/My Drive/rock_paper_scissors/data/paper/opencv_frame_94.png
paper,drive/My Drive/rock_paper_scissors/data/paper/opencv_frame_216.png
rock,drive/My Drive/rock_paper_scissors/data/rock/opencv_frame_763.png
rock,drive/My Drive/rock_paper_scissors/data/rock/opencv_frame_601.png
scissors,drive/My Drive/rock_paper_scissors/data/scissors/opencv_frame_451.png
scissors,drive/My Drive/rock_paper_scissors/data/scissors/opencv_frame_431.png
paper,drive/My Drive/rock_paper_scissors/data/paper/opencv_frame_243.png
